timestamp,datetime,feat_accel_x,feat_accel_y,feat_accel_z,feat_gyro_x,feat_gyro_y,feat_gyro_z,feat_angle_x,feat_angle_y,feat_lfoot_fl,feat_lfoot_fr,feat_lfoot_rl,feat_lfoot_rr,feat_rfoot_fl,feat_rfoot_fr,feat_rfoot_rl,feat_rfoot_rr,feat_vx,feat_vy,feat_wz,feat_vtotal,pred_norm_StepHeight,pred_norm_MaxStepX,pred_norm_MaxStepY,pred_norm_MaxStepTheta,pred_norm_Frequency,applied_StepHeight,applied_MaxStepX,applied_MaxStepY,applied_MaxStepTheta,applied_Frequency,success,inference_time_ms
1756413928.26,2025-08-28 20:45:28.263,-0.0479451343417,-0.0525165274739,9.90169811249,-0.0156871937215,-0.0181400626898,-0.000442125223344,0.0690990313888,-0.00113330013119,0.694541990757,0.401329874992,0.928868174553,0.103518463671,0.0217286869884,0.764259696007,0.30564558506,0.752100646496,0.0158582292497,0.0112220095471,0.0769486278296,0.000709538348019,0.374762832693,0.332828215758,0.999233761305,0.500032048566,0.428204702343,0.0249905133077,0.0399696929455,0.199908051357,0.300012819426,0.79974329164,True,39.8681163788
1756413928.81,2025-08-28 20:45:28.808,0.000862061977386,-0.0518903434277,9.78577041626,-0.0114584872499,-0.0138696702197,-0.000188080826774,0.0511106513441,-0.00637504644692,0.743965864182,0.322470396757,0.894644916058,0.271871030331,0.0656913369894,0.620962381363,0.299062848091,0.634577810764,0.0146479774266,0.00796896219254,0.0487377233803,0.0116241145879,0.374729546053,0.332777704,0.998903927593,0.500035846915,0.428156448892,0.0249891818421,0.03996666224,0.199868471311,0.300014338766,0.799709514225,True,42.3781871796
1756413929.35,2025-08-28 20:45:29.349,0.0113098267466,-0.0299235098064,9.8508682251,-0.00748136965558,-0.0127674546093,-0.00588984787464,0.0178020764142,-0.000443609897047,0.748437941074,0.492514967918,0.90206861496,0.259265720844,0.285257518291,0.696442961693,0.220994263887,0.654120743275,0.0120808891952,0.00516744330525,0.0372602269053,0.0110611766577,0.374729546053,0.332777704,0.998903927593,0.500035846915,0.428156448892,0.0249891818421,0.03996666224,0.199868471311,0.300014338766,0.799709514225,True,36.1499786377
1756413929.9,2025-08-28 20:45:29.896,0.0295274555683,-0.0375417172909,9.69532108307,-0.00651442771778,-0.00457819504663,-0.00448147021234,0.0108512751758,-0.00773236248642,0.590083241463,0.361607789993,0.688858151436,0.481251835823,0.382936894894,0.631025314331,0.290107935667,0.700185716152,0.00871924124658,0.00283510191366,0.0644237175584,0.0110094435513,0.374729823442,0.332868985962,0.998930164366,0.500030829929,0.428150015099,0.0249891929377,0.0399721391577,0.199871619724,0.300012331972,0.799705010569,True,43.8859462738
1756413930.45,2025-08-28 20:45:30.446,0.0312820933759,-0.0892399847507,9.6856803894,-0.00937097892165,-0.00338754593395,-0.00209640478715,0.0066434009932,0.0202954225242,0.681981682777,0.351801484823,0.662818551064,0.575591981411,0.50098669529,0.468278467655,0.387283205986,0.576864540577,0.0147762559354,0.00107592635322,0.06814648211,0.0095788538456,0.374724391247,0.332858162014,0.958401860603,0.500032399386,0.428122441698,0.0249889756499,0.0399714897209,0.195008223272,0.300012959754,0.799685709189,True,45.3457832336
1756413930.99,2025-08-28 20:45:30.988,0.045173805207,-0.0612602345645,9.63492202759,-0.00178636517376,0.00144427176565,-0.00148520932999,-0.00826704595238,0.0329006537795,0.684787929058,0.378562748432,0.649144530296,0.436742514372,0.447453409433,0.606515884399,0.528007864952,0.645869851112,0.00529104750603,-0.00426444411278,0.0421594679356,0.00990479532629,0.374763595512,0.33295702074,0.997760538779,0.500027925775,0.428210217023,0.0249905438205,0.0399774212444,0.199731264653,0.30001117031,0.799747151916,True,39.4167900085
1756413931.53,2025-08-28 20:45:31.530,0.0203886255622,-0.106604471803,9.59773254395,-0.00214072410017,0.00514602474868,0.0069530531764,-0.0158632788807,0.0535669624805,0.686507940292,0.3105250597,0.743536233902,0.465322554111,0.515252709389,0.447569191456,0.436686694622,0.572849273682,0.00829750578851,-0.00547066004947,0.0354269780219,0.0105854356661,0.374769461126,0.332950355994,0.947542474605,0.500027256448,0.428202816246,0.024990778445,0.0399770213596,0.193705096953,0.300010902579,0.799741971372,True,38.7699604034
1756413932.08,2025-08-28 20:45:32.078,0.0171715915203,-0.0516972728074,9.68734359741,-0.00381343439221,0.000872519798577,0.00253313616849,-0.035652153194,0.0353614240885,0.779356837273,0.432223290205,0.731066167355,0.404454678297,0.576799869537,0.487360566854,0.416216850281,0.526378273964,0.00864145718515,-0.0021712705493,0.0333529785275,0.0131982956082,0.374868171038,0.333139584663,0.949438611851,0.500013935191,0.42836968319,0.0249947268415,0.0399883750798,0.193932633422,0.300005574077,0.799858778233,True,44.4190502167
1756413932.62,2025-08-28 20:45:32.623,0.0284564457834,-0.0132007263601,9.6465883255,-0.00445174006745,-0.00375461694784,0.00580974435434,-0.0317811258137,0.0206409320235,0.633560180664,0.507076025009,0.603050947189,0.324546515942,0.655983269215,0.417277872562,0.29814684391,0.558822274208,0.0122315771878,-0.00113415892702,0.0493862107396,0.0119293313473,0.374879873372,0.333159879566,0.949438611851,0.500012599834,0.428404149941,0.0249951949349,0.039989592774,0.193932633422,0.300005039934,0.799882904959,True,40.5211448669
1756413933.17,2025-08-28 20:45:33.173,0.0660172477365,0.0089712664485,9.68981742859,-0.0036088610068,0.00297527806833,0.00559807056561,-0.0373644307256,0.0156999062747,0.490203350782,0.494068384171,0.42252728343,0.234303802252,0.581481635571,0.505531609058,0.452421963215,0.414294093847,0.00705476244912,0.00366423488595,0.0380758345127,0.0112731717527,0.374704738681,0.332748512141,0.949176244126,0.500038677691,0.428125115482,0.0249881895472,0.0399649107284,0.193901149295,0.300015471077,0.799687580838,True,46.6198921204
1756413933.72,2025-08-28 20:45:33.717,-9.93683934212e-05,0.0187564957887,9.70746326447,0.00135745783336,-0.00349288270809,0.00384222785942,-0.0143539644778,0.0340206101537,0.629311203957,0.358644068241,0.404100358486,0.258273899555,0.623745322227,0.366155594587,0.595840871334,0.35778221488,-0.0105899348855,-0.00451026111841,0.0501185469329,0.0116333337501,0.374780585567,0.332969648679,0.927028881232,0.500025987035,0.428230897074,0.0249912234227,0.0399781789207,0.191243465748,0.300010394814,0.799761627952,True,41.0921573639
1756413934.26,2025-08-28 20:45:34.262,0.00675142742693,0.0197642706335,9.80842208862,0.00128968397621,-0.00497544184327,0.0024962509051,-0.00304326601326,0.0174880642444,0.695059776306,0.343384772539,0.492666035891,0.352463185787,0.565681099892,0.499519705772,0.485315620899,0.359041273594,-0.010180382058,-0.00818159803748,0.0316103324294,0.0135646592826,0.374760561573,0.332947549785,0.931541416274,0.500028271979,0.428188072136,0.0249904224629,0.0399768529871,0.191784969953,0.300011308792,0.799731650495,True,41.4810180664
1756413934.81,2025-08-28 20:45:34.807,-0.0342835448682,0.0633613169193,9.76191329956,0.000633764197119,-0.0043199909851,0.00425853626803,-0.0101823015139,0.0208005532622,0.679192662239,0.457950979471,0.440372049809,0.465082645416,0.689129114151,0.539562940598,0.504651248455,0.387763053179,-0.00655857194215,-0.00515191257,0.0233818888664,0.0124265514314,0.374777551629,0.332964387038,0.918178466674,0.500026333238,0.428216219982,0.0249911020651,0.0399778632223,0.190181416001,0.300010533295,0.799751353988,True,40.561914444
1756413935.31,2025-08-28 20:45:35.310,-0.0411590524018,0.0443426445127,9.76572322845,0.00226719770581,-0.00103880488314,0.00317408959381,-0.0287237800658,0.0228307247162,0.740275502205,0.343088001013,0.409514725208,0.519809603691,0.534775912762,0.598667860031,0.546607613564,0.531117975712,-0.00294841220602,0.000309789320454,0.0245716013014,0.0101821338758,0.374837588938,0.333086547318,0.971983766702,0.500018374511,0.428305230366,0.0249935035575,0.0399851928391,0.196638052004,0.300007349804,0.799813661256,True,40.2910709381
1756413935.86,2025-08-28 20:45:35.855,-0.0326567292213,0.0863391384482,9.75854301453,0.0027143904008,0.00462578143924,0.00374696403742,-0.00304463505745,-0.0110295023769,0.625472903252,0.242256850004,0.293320566416,0.523301661015,0.544196784496,0.466011762619,0.405382156372,0.377552270889,-0.0112728402019,0.00477007823065,0.015672173351,0.0150052132085,0.374700766979,0.332741624174,0.931300037966,0.500040080491,0.428104748766,0.0249880306792,0.0399644974504,0.191756004556,0.300016032196,0.799673324136,True,37.8351211548
1756413936.4,2025-08-28 20:45:36.397,-0.0313194356859,0.0767534673214,9.6800327301,0.000943090999499,0.00669037550688,0.00321259442717,-0.00341168418527,-0.000740404706448,0.539019525051,0.245636925101,0.282989144325,0.445185303688,0.618633270264,0.593127191067,0.317604959011,0.518454134464,-2.30269506574e-05,0.00618436280638,0.0332956463099,0.0150222470984,0.374729911702,0.332815284876,0.931142617331,0.50003295478,0.428155561112,0.0249891964681,0.0399689170925,0.19173711408,0.300013181912,0.799708892779,True,38.4950637817
1756413936.95,2025-08-28 20:45:36.949,-0.0340227931738,0.0752486661077,9.68972206116,0.0049742422998,0.0100547205657,0.00386316748336,0.007112337742,0.00711155822501,0.552289605141,0.386051654816,0.284567803144,0.321993947029,0.502529203892,0.448505103588,0.30680924654,0.400780320168,-0.00273614539765,-0.00165793066844,0.0195028446615,0.0143863111734,0.374902064465,0.333161322759,0.953950139907,0.500012504876,0.428440914475,0.0249960825786,0.0399896793655,0.194474016789,0.30000500195,0.799908640133,True,46.8590259552
1756413937.44,2025-08-28 20:45:37.442,-0.0355426184833,0.0460341610014,9.71199035645,0.000737163005397,0.00320302275941,0.00577669357881,0.00747018866241,0.00880400463939,0.507242679596,0.322480380535,0.411812365055,0.349074572325,0.628579139709,0.429656893015,0.275989830494,0.368831276894,-0.00728616258129,-0.00198105745949,0.000110946595669,0.0113411098719,0.374879873372,0.333159879566,0.931562405692,0.500012599834,0.428404149941,0.0249951949349,0.039989592774,0.191787488683,0.300005039934,0.799882904959,True,40.0629043579
1756413937.98,2025-08-28 20:45:37.979,-0.0206877458841,0.0192029178143,9.76500511169,-0.00041253992822,-0.000385437393561,0.00118142087013,0.0243280250579,0.0135375475511,0.471360743046,0.289354741573,0.338034003973,0.256076365709,0.507748842239,0.357880234718,0.261675357819,0.53295147419,-0.000103440135717,0.000744936987758,-0.00946742668748,0.015850128606,0.373889264882,0.331387786097,0.930302229723,0.500127458512,0.426699460157,0.0249555705953,0.0398832671658,0.191636267567,0.300050983405,0.79868962211,True,33.7359905243
1756413938.52,2025-08-28 20:45:38.522,-0.00805060938001,-0.017568577081,9.66589260101,-0.00309206056409,0.00316128600389,-0.0044525731355,0.0109071712941,0.0162239782512,0.541767835617,0.223971694708,0.405851304531,0.260168135166,0.406911760569,0.332196056843,0.321284025908,0.390525013208,0.0131549537182,0.00258796825074,0.0111284237355,0.0130696836859,0.374729823442,0.332868985962,0.992007141464,0.500030829929,0.428150015099,0.0249891929377,0.0399721391577,0.199040856976,0.300012331972,0.799705010569,True,39.9551391602
1756413939.06,2025-08-28 20:45:39.060,0.0114513011649,-0.0205052569509,9.69895744324,-0.00236986856908,0.00119194108993,-0.000953192356974,-0.00702987611294,0.0391274318099,0.487095952034,0.223339378834,0.488827586174,0.366629958153,0.548575460911,0.440662443638,0.317032873631,0.43732213974,-0.000704961828887,0.00193053472321,-0.00313849421218,0.0147725781426,0.37386051248,0.331337921926,0.883690170654,0.500130739458,0.426633730296,0.0249544204992,0.0398802753156,0.186042820478,0.300052295783,0.798643611207,True,34.8160266876
1756413939.61,2025-08-28 20:45:39.605,0.0314768999815,-0.00919101759791,9.68678855896,-0.000860593339894,0.00226182397455,0.00088860548567,-0.0202890578657,0.0373761728406,0.4016084373,0.278233736753,0.551703333855,0.516033530235,0.389466226101,0.42949783802,0.491595983505,0.388681560755,0.00331355910748,0.0061958595179,0.0093241892755,0.011787340045,0.374704581073,0.332752448122,0.997307225653,0.500038695676,0.428132322167,0.0249881832429,0.0399651468873,0.199676867078,0.30001547827,0.799692625517,True,40.9331321716
1756413940.15,2025-08-28 20:45:40.149,-0.00411733053625,0.0460391864181,9.65310668945,-0.00170189631172,0.00218062871136,0.00343946646899,-0.00695441430435,0.0343539901078,0.561857461929,0.284390330315,0.553211569786,0.494213670492,0.557890951633,0.394403815269,0.518952727318,0.554515004158,0.00705670658499,0.00493460847065,0.00461100134999,0.00868491549045,0.374700766979,0.332741624174,0.930471702979,0.500040080491,0.428104748766,0.0249880306792,0.0399644974504,0.191656604358,0.300016032196,0.799673324136,True,39.9661064148
1756413940.68,2025-08-28 20:45:40.682,0.0117739364505,0.0500810295343,9.6713104248,0.000795391155407,0.000418510637246,-0.00194551353343,-0.000430962536484,0.0179206654429,0.454760611057,0.242441177368,0.653933763504,0.530965685844,0.503824114799,0.443918526173,0.40153503418,0.493847876787,0.00166955590248,0.00961814168841,-0.0177054237574,0.00640017120168,0.373910840689,0.331461284006,0.888274341791,0.500122622522,0.426783458782,0.0249564336276,0.0398876770403,0.186592921015,0.300049049009,0.798748421148,True,30.3330421448
1756413941.22,2025-08-28 20:45:41.223,0.0434364117682,0.0238955337554,9.67537784576,0.00232415832579,-0.0020138414111,0.00442623114213,-0.0130008477718,0.00761005841196,0.319463342428,0.419002473354,0.565390706062,0.66993188858,0.547869741917,0.372432589531,0.376245737076,0.384180635214,0.0134413437918,0.0150163639337,-0.0213838722557,0.00668755220249,0.373910840689,0.331461284006,0.926985887131,0.500122622522,0.426783458782,0.0249564336276,0.0398876770403,0.191238306456,0.300049049009,0.798748421148,True,33.9250564575
1756413941.77,2025-08-28 20:45:41.774,0.0715048909187,0.0292892828584,9.79709720612,0.000237663043663,-0.00131102453452,0.00251283589751,-0.0206755232066,-0.00582415936515,0.354442238808,0.309410750866,0.653551638126,0.720303654671,0.5044901371,0.427800238132,0.419281899929,0.4355725348,0.00966342259198,0.0149512775242,0.00174169428647,0.00667166616768,0.374632113285,0.332640600659,0.971563978341,0.500047914584,0.427992387159,0.0249852845314,0.0399584360395,0.196587677401,0.300019165834,0.799594671011,True,48.4910011292
1756413942.27,2025-08-28 20:45:42.265,0.030243800953,-0.0279471036047,9.803647995,-0.00207345606759,-0.00222957343794,0.000228481250815,-0.0222171396017,0.00010977499187,0.357434093952,0.303741157055,0.643237352371,0.529412508011,0.494261413813,0.542872130871,0.590515077114,0.404499977827,0.0054633365944,0.00546802487224,0.025977447629,0.00631622085348,0.374700766979,0.332741624174,0.980542184299,0.500040080491,0.428104748766,0.0249880306792,0.0399644974504,0.197665062116,0.300016032196,0.799673324136,True,38.302898407
1756413942.81,2025-08-28 20:45:42.810,-0.00208848901093,-0.0175965800881,9.88117408752,-0.00389368482865,-0.00101883232128,-0.00047772351536,-0.0262878499925,0.00767078017816,0.401719838381,0.213085353374,0.499777078629,0.435512602329,0.626152634621,0.601362705231,0.504241287708,0.483926355839,0.00337639707141,0.00100873596966,0.046041585505,0.0106580350548,0.374716300744,0.332858162014,0.958154450084,0.500032214744,0.428106357214,0.0249886520298,0.0399714897209,0.19497853401,0.300012885898,0.79967445005,True,41.1398410797
1756413943.36,2025-08-28 20:45:43.356,0.0349962674081,-0.02182947658,9.93329048157,-0.00851395726204,-3.20258550346e-05,-0.00412122532725,-0.0322153270245,-0.0256082713604,0.492581933737,0.438641965389,0.533026456833,0.445589572191,0.593208551407,0.554832041264,0.603177905083,0.51160389185,-0.00324157811701,0.00489372806624,0.0165641438216,0.012100731954,0.374716389004,0.332772189527,0.958348602201,0.500035790353,0.428125115482,0.0249886555602,0.0399663313716,0.195001832264,0.300014316141,0.799687580838,True,42.4509048462
1756413943.91,2025-08-28 20:45:43.912,0.0211246423423,-0.0357890725136,9.90675926208,-0.00440428499132,-0.0034945497755,-0.000180286588147,-0.0477475486696,0.00400039181113,0.593441486359,0.352897673845,0.40156853199,0.4597453475,0.547214031219,0.60661303997,0.579311013222,0.424260228872,-0.00223161350004,0.00201153336093,0.0374405309558,0.00997626502067,0.37470173784,0.332832906135,0.958348602201,0.500032926934,0.428096017189,0.0249880695136,0.0399699743681,0.195001832264,0.300013170774,0.799667212032,True,52.1190166473
1756413944.4,2025-08-28 20:45:44.404,0.00230151694268,-0.0441556349397,9.86141014099,-0.00725023448467,-0.00291301030666,0.00101724744309,-0.0411184467375,0.0128606427461,0.42905780673,0.32754856348,0.389721423388,0.621620059013,0.652709364891,0.485349535942,0.460153341293,0.500812649727,-0.00477213365957,0.00547526497394,0.0125339487568,0.0132249258459,0.374721243306,0.332850763372,0.958348602201,0.500032282156,0.428125345261,0.0249888497322,0.0399710458023,0.195001832264,0.300012912862,0.799687741683,True,38.6579036713
1756413944.95,2025-08-28 20:45:44.949,-0.000989709980786,-0.0255629103631,9.71113586426,-0.00492059765384,-0.000279435771517,-0.00250403489918,-0.0258336514235,-0.00770255271345,0.568918287754,0.246859490871,0.532461762428,0.567303001881,0.59860253334,0.609618186951,0.510040402412,0.563842058182,0.00258917594329,0.00612017745152,-0.00959421414882,0.01060691569,0.373948366174,0.331501107115,0.883028001342,0.500120002255,0.426821501459,0.024957934647,0.0398900664269,0.185963360161,0.300048000902,0.798775051021,True,40.9100055695
1756413945.49,2025-08-28 20:45:45.485,0.0414630062878,0.0253364853561,9.72732830048,-0.00403535552323,0.00117429811507,-0.00349174486473,-0.00675378832966,-0.0214282162488,0.447911471128,0.393243312836,0.531037688255,0.403694540262,0.703225374222,0.712752938271,0.603570997715,0.460159063339,-0.00536599988118,0.0101276859641,-0.000431851949543,0.00848385691643,0.373975671621,0.331548461887,0.870362923334,0.500116886423,0.426842612343,0.0249590268648,0.0398929077132,0.1844435508,0.300046754569,0.79878982864,True,32.6910018921
1756413946.03,2025-08-28 20:45:46.026,0.0533367097378,0.000140277668834,9.65704727173,-0.000330684939399,0.00210622954182,8.40404536575e-05,-0.0112748192623,-0.00345362722874,0.465885609388,0.546351075172,0.669129729271,0.284772157669,0.62438160181,0.682880699635,0.72192633152,0.440430015326,0.00519677624106,0.00667051179335,0.0100829638541,0.0163288097829,0.374712921646,0.332790028997,0.951793344642,0.500034893521,0.428131434387,0.0249885168658,0.0399674017398,0.194215201357,0.300013957408,0.799692004071,True,37.7159118652
1756413946.56,2025-08-28 20:45:46.563,0.057089112699,-0.0394825674593,9.80575847626,-0.00075529224705,-0.00109296175651,0.000361800310202,-0.011349145323,-0.0170287378132,0.603512167931,0.479656428099,0.742307960987,0.267650455236,0.565963745117,0.550432145596,0.597617506981,0.497009217739,0.00709124049172,0.00962118897587,-0.00537184812129,0.0194131582975,0.373912661052,0.331442793095,0.89958479398,0.500122968726,0.426786474623,0.0249565064421,0.0398865675857,0.187950175278,0.30004918749,0.798750532236,True,32.7129364014
1756413947.1,2025-08-28 20:45:47.101,0.0578325241804,-0.0255302414298,9.73498153687,-0.000630016671494,0.00735842715949,-0.00559684447944,-0.0122134797275,0.0161903128028,0.638777852058,0.349470168352,0.818930983543,0.275208115578,0.623771905899,0.623724341393,0.483087599277,0.39789301157,0.0070009669289,0.00438101682812,-0.0061433413066,0.0227032788098,0.373948366174,0.331479459218,0.901132520611,0.500120556181,0.426821501459,0.024957934647,0.0398887675531,0.188135902473,0.300048222473,0.798775051021,True,32.7839851379
1756413947.64,2025-08-28 20:45:47.639,0.0810810923576,-0.0391311496496,9.68679237366,-0.00347475195304,0.00527556845918,-0.00409000366926,-0.0216191895306,0.0340518429875,0.569840073586,0.35392999649,0.769801676273,0.309675186872,0.572446525097,0.646745979786,0.504236578941,0.352765500546,0.00332371843979,0.00206942064688,-0.00372353126295,0.0242689996958,0.373847567676,0.33129382436,0.901146513556,0.500132770519,0.426612284317,0.024953902707,0.0398776294616,0.188137581627,0.300053108208,0.798628599022,True,34.295797348
1756413948.18,2025-08-28 20:45:48.178,0.0780465602875,0.0377446487546,9.71307563782,-0.00778555870056,0.000880500068888,-0.00200481293723,-0.0207543112338,0.0284311808646,0.688109636307,0.481053471565,0.726759552956,0.412936776876,0.43471133709,0.625911176205,0.622912943363,0.269781500101,-0.00362009531818,-0.00376754719764,-0.0159687492996,0.0188644025475,0.373838294715,0.331302998504,0.905716691748,0.50013454085,0.426620761076,0.0249535317886,0.0398781799102,0.18868600301,0.30005381634,0.798634532753,True,35.5651378632
1756413948.72,2025-08-28 20:45:48.716,0.0558478310704,0.0635879635811,9.75915336609,-0.0039181294851,-0.000339312246069,-0.00397852342576,-0.0124483564869,0.00787127856165,0.699079930782,0.399115264416,0.65140068531,0.325623422861,0.41645181179,0.44556877017,0.505792498589,0.192935228348,0.00293291779235,-0.00231229420751,-0.0247457027435,0.0283887013793,0.37385285762,0.331302998504,0.904154972172,0.500132879072,0.426620761076,0.0249541143048,0.0398781799102,0.188498596661,0.300053151629,0.798634532753,True,35.1250171661
1756413949.25,2025-08-28 20:45:49.254,0.0199761912227,0.0415430441499,9.81221580505,-0.0043496680446,0.0012064765906,-0.00384693127126,-0.032214179635,0.0323430411518,0.607088208199,0.402428507805,0.522745251656,0.485291808844,0.581086158752,0.428711563349,0.404236704111,0.279051780701,-0.00257689133286,-0.00617088424042,-0.0142586138099,0.0298418197781,0.373888863417,0.331374461911,0.901115029429,0.500127346059,0.426691442132,0.0249555545367,0.0398824677147,0.188133803532,0.300050938424,0.798684009492,True,35.2380275726
1756413949.79,2025-08-28 20:45:49.793,0.0425531081855,0.0180266648531,9.89397335052,-0.000404349993914,0.00333981192671,-0.00938976742327,-0.0522193163633,0.0144953168929,0.542851805687,0.31615588069,0.543486714363,0.409350842237,0.541900217533,0.375839143991,0.527774631977,0.297992765903,-0.00444289948791,-0.00168978655711,-0.000770092010498,0.023426534608,0.373876782392,0.331366138201,0.947718592781,0.500128724628,0.426662982846,0.0249550712957,0.0398819682921,0.193726231134,0.300051489851,0.798664087992,True,33.0591201782
1756413950.34,2025-08-28 20:45:50.342,0.0540056154132,0.023949470371,9.84820842743,0.00512429513037,0.00105922971852,-0.00676881615072,-0.0438075959682,0.0117962313816,0.412303864956,0.432559370995,0.675585985184,0.539404273033,0.3944016397,0.354542970657,0.419356435537,0.337384045124,0.000757761765271,-0.00366978254169,0.0138908699155,0.0178764816374,0.37482574213,0.333039342878,0.971572707526,0.500021380218,0.428305517589,0.0249930296852,0.0399823605727,0.196588724903,0.300008552087,0.799813862312,True,46.1120605469
1756413950.88,2025-08-28 20:45:50.880,0.0547176226974,0.0533663108945,9.82282924652,-0.000154210021719,-0.00223448569886,-0.00511994352564,-0.0301198083907,0.0224596820772,0.344688951969,0.565971791744,0.612984538078,0.671157419682,0.48417621851,0.296214729548,0.418335318565,0.273856520653,-0.00769234215841,-0.00207132683136,-0.0276100263,0.0254633389413,0.373856556136,0.331331060592,0.947741081444,0.500131448097,0.426641536867,0.0249542622454,0.0398798636355,0.193728929773,0.300052579239,0.798649075807,True,35.6431007385
1756413951.42,2025-08-28 20:45:51.420,0.0190221816301,0.0294317193329,9.85535144806,0.00417261803523,-0.00563752884045,-0.00698522431776,-0.00469594448805,-0.00249716639519,0.327620029449,0.438445746899,0.625950217247,0.754490613937,0.404100894928,0.382333219051,0.356417536736,0.309177875519,-0.000246441457421,-0.00504107074812,-0.0137973669916,0.0249543208629,0.373874300512,0.331361833972,0.944446625253,0.500129007837,0.426685008338,0.0249549720205,0.0398817100383,0.19333359503,0.300051603135,0.798679505837,True,35.5088710785
1756413951.98,2025-08-28 20:45:51.976,-0.0384583994746,0.0149411335588,9.81523704529,0.00105664215516,-0.00623323954642,-0.00561275798827,0.0396127030253,-0.0256999395788,0.24387986958,0.38032579422,0.571194767952,0.687071084976,0.538865685463,0.354071944952,0.37692117691,0.363069981337,0.00294265896082,-0.00222108722664,0.00516131799668,0.0277342386544,0.374716630143,0.332862942591,0.91815417209,0.500033027828,0.428112015506,0.0249886652057,0.0399717765555,0.190178500651,0.300013211131,0.799678410854,True,53.4081459045
1756413952.47,2025-08-28 20:45:52.470,0.03794939816,-0.0206650253385,9.73871231079,0.000706865568645,-0.00668526161462,-0.0038750579115,0.0558229126036,-0.0424336493015,0.458634495735,0.433928847313,0.471487134695,0.724234104156,0.533824205399,0.428736418486,0.528071522713,0.429803788662,0.000558686559089,-0.00625118846074,0.00458682421595,0.0196723863482,0.37466148181,0.332754673044,0.952814653184,0.500039854964,0.428012894875,0.0249864592724,0.0399652803827,0.194337758382,0.300015941985,0.799609026413,True,41.2969589233
1756413953.03,2025-08-28 20:45:53.034,0.0578440278769,-0.00109121482819,9.75212860107,0.00156734802295,-0.00310924788937,-0.00544011313468,0.0446958020329,-0.0327547751367,0.513815283775,0.433760404587,0.466082334518,0.632124900818,0.531766057014,0.595143079758,0.481597155333,0.445731639862,0.00301559548825,-0.00919186510146,0.00608838163316,0.0208476800472,0.374680292229,0.33279992316,0.952793663766,0.500037708501,0.428034407872,0.0249872116891,0.0399679953896,0.194335239652,0.3000150834,0.799624085511,True,58.2871437073
1756413953.53,2025-08-28 20:45:53.534,0.0849489271641,0.0487070046365,9.83591175079,0.00230363057926,-0.0033273845911,-0.00328464154154,0.0359887294471,-0.0280126072466,0.629334568977,0.351370066404,0.566444218159,0.517544150352,0.438008219004,0.483003616333,0.43295532465,0.317428648472,0.00205708830617,-0.00707134744152,0.00827216543257,0.0192642062902,0.374772859137,0.332973086285,0.99762585668,0.500027145663,0.42821189249,0.0249909143655,0.0399783851771,0.199715102802,0.300010858265,0.799748324743,True,46.2322235107
1756413954.08,2025-08-28 20:45:54.075,0.0342806205153,0.0379545986652,9.86685943604,0.00565030472353,-0.00483598094434,0.000189253361896,0.0416915081441,-0.0116512402892,0.446894437075,0.306282043457,0.482756048441,0.379245311022,0.562860429287,0.361544191837,0.445850759745,0.333545923233,-0.00637355074286,-0.00447914656252,0.00612274557352,0.0181621778756,0.374784024031,0.332975611873,0.921519358052,0.500025871634,0.428222921851,0.0249913609612,0.0399785367124,0.190582322966,0.300010348653,0.799756045295,True,37.6288890839
1756413954.62,2025-08-28 20:45:54.622,0.0292396843433,0.0135554717854,9.797123909,0.00366960372776,0.00221430743113,0.00297739962116,0.0254170466214,-0.00725972419605,0.468414187431,0.263182938099,0.499241560698,0.352078080177,0.456410229206,0.282566010952,0.405213415623,0.396136105061,0.000893906224519,-0.000208963640034,0.0103257810697,0.0161868222058,0.37491706079,0.333186488438,0.940445194545,0.500010690769,0.428412766629,0.0249966824316,0.0399911893063,0.192853423345,0.300004276307,0.79988893664,True,43.5800552368
1756413955.17,2025-08-28 20:45:55.169,0.0389869958162,0.023646004498,9.82363033295,0.0046637407504,0.000410787411965,-0.00156120304018,0.0405251383781,-0.0300875771791,0.497721284628,0.344449430704,0.603139042854,0.537550151348,0.375953227282,0.288803100586,0.506884098053,0.500862896442,-0.0119058042765,0.0015685649123,0.0166776422411,0.0200070105493,0.374726749051,0.332866460374,0.998809037932,0.500031014571,0.428147602426,0.024989069962,0.0399719876225,0.199857084552,0.300012405828,0.799703321698,True,43.182849884
1756413955.71,2025-08-28 20:45:55.713,-0.0171947386116,0.0245776735246,9.90470790863,-0.000677830539644,-0.00119556975551,0.00550927314907,0.0316682420671,-0.0195026323199,0.364272654057,0.366368234158,0.665863394737,0.587869167328,0.349458932877,0.432018280029,0.469771265984,0.40169274807,0.00215073581785,0.00711993826553,0.0466502830386,0.0164200421423,0.374719143978,0.332777704,0.998918503578,0.500037033898,0.428156448892,0.0249887657591,0.03996666224,0.199870220429,0.300014813559,0.799709514225,True,40.1430130005
1756413956.25,2025-08-28 20:45:56.254,0.0245453231037,0.0452869944274,9.75419139862,0.00138722651172,-0.00134538416751,0.0105445170775,0.0305271409452,-0.0184612926096,0.287572443485,0.516794204712,0.644304811954,0.474155306816,0.246981903911,0.351235538721,0.546991109848,0.383062839508,0.00708226161078,0.00404591811821,0.0331584326923,0.0174508690834,0.374729546053,0.332777704,0.962533051879,0.500035846915,0.428156448892,0.0249891818421,0.03996666224,0.195503966225,0.300014338766,0.799709514225,True,37.8499031067
1756413956.8,2025-08-28 20:45:56.800,0.0368645116687,0.00995993055403,9.80964565277,-0.0016102923546,0.000884510751348,0.0087877670303,0.0232989303768,0.0106330411509,0.205964311957,0.595201313496,0.641068518162,0.615927875042,0.329646706581,0.418989896774,0.559172749519,0.489908635616,0.00689159985632,0.00303977984004,0.000499185174704,0.0182293057442,0.374744224537,0.332896767429,0.998866030033,0.500029352794,0.428152427771,0.0249897689815,0.0399738060457,0.199863923604,0.300011741117,0.79970669944,True,42.7939891815
1756413957.35,2025-08-28 20:45:57.349,0.013380760327,-0.000460248440504,9.70521068573,0.00469236914068,-0.00176922651008,0.00736739020795,0.0149900857359,0.00751987937838,0.401333153248,0.576744794846,0.678934752941,0.47071069479,0.344476163387,0.329067409039,0.631913006306,0.556971430779,0.0148427942768,0.000834683771245,0.00184620101936,0.0234853923321,0.374881069611,0.333149326217,0.989375419054,0.500013737361,0.428393695027,0.0249952427844,0.039988959573,0.198725050286,0.300005494944,0.799875586519,True,45.5040931702
1756413957.9,2025-08-28 20:45:57.897,-0.0433458834887,-0.000830841599964,9.68549251556,0.00320924748667,-0.00441013090312,0.00428979843855,-0.00325110182166,0.00186007097363,0.475226223469,0.663197577,0.660542368889,0.455113202333,0.416036248207,0.232388705015,0.462677299976,0.548243284225,0.00225922558457,-0.00291742384434,0.00744729116559,0.0192539915442,0.374815709907,0.333044394054,0.999338146178,0.500021195576,0.428305517589,0.0249926283963,0.0399826636432,0.199920577541,0.300008478231,0.799813862312,True,45.2091693878
1756413958.44,2025-08-28 20:45:58.442,-0.0645343884826,0.0316944718361,9.82018184662,0.00258641503751,-0.0029767062515,0.00589902279899,-0.00424611195922,-0.0136952688918,0.357142478228,0.579155683517,0.708053588867,0.575103759766,0.5607239604,0.363181740046,0.493087142706,0.467474222183,0.00194262829609,-0.00138442427851,0.0230274740607,0.021045813337,0.374853446323,0.333109638407,0.914103086209,0.500017205991,0.428329357092,0.0249941378529,0.0399865783044,0.189692370345,0.300006882397,0.799830549964,True,41.8379306793
1756413958.99,2025-08-28 20:45:58.986,-0.0612704977393,0.00406799837947,9.83816814423,-0.000277208979242,-0.000817940803245,0.00500900391489,-0.00959681812674,-0.00581479165703,0.488678574562,0.571189582348,0.707617402077,0.54830300808,0.426314324141,0.310240119696,0.349447786808,0.351245045662,0.00188639457338,-0.000830602424685,0.0470666214824,0.0205182768404,0.374899475504,0.333176837085,0.989222371214,0.500012111852,0.428441948478,0.0249959790202,0.0399906102251,0.198706684546,0.300004844741,0.799909363934,True,40.4360294342
1756413959.53,2025-08-28 20:45:59.528,-0.0878033339977,0.0451040118933,9.87112140656,0.00102339196019,-0.00184587575495,0.000555519480258,-0.00908339209855,0.0118413101882,0.489455282688,0.57160538435,0.573930680752,0.481667637825,0.369231581688,0.331663817167,0.302314579487,0.2553422153,-0.00232242490165,0.00163618591614,0.0321389324963,0.0195652730763,0.374731279732,0.33287151155,0.98871949974,0.500030829929,0.428147602426,0.0249892511893,0.039972290693,0.198646339969,0.300012331972,0.799703321698,True,39.2320156097
1756413960.08,2025-08-28 20:46:00.075,-0.0705283209682,0.0692314505577,9.85469245911,-0.00482512125745,-0.000373012560885,0.00181321555283,-0.00349032785743,0.00867783743888,0.577614426613,0.531523823738,0.663393378258,0.427960962057,0.487829744816,0.42552536726,0.380033433437,0.439633607864,-5.19297318533e-05,0.00249352608807,0.0257222764194,0.020524315536,0.374730794302,0.332866460374,0.953477878001,0.500030552966,0.428144155751,0.0249892317721,0.0399719876225,0.19441734536,0.300012221187,0.799700909026,True,42.9441928864
1756413960.62,2025-08-28 20:46:00.617,-0.0269515812397,0.0617121420801,9.79188156128,0.00120214372873,-1.81007198989e-05,-0.00203406601213,0.0186102259904,0.0213333293796,0.673948407173,0.542431116104,0.60800665617,0.506761133671,0.544225156307,0.381001293659,0.417987585068,0.557109177113,-0.00169021473266,0.0036482103169,0.00510122999549,0.0172957982868,0.374700766979,0.332741624174,0.916442611391,0.500040080491,0.428104748766,0.0249880306792,0.0399644974504,0.189973113367,0.300016032196,0.799673324136,True,38.3679866791
1756413961.16,2025-08-28 20:46:01.162,-0.0570603571832,0.0906784385443,9.73771953583,-0.00268789567053,-0.000464561802801,-0.00291459448636,0.0165091380477,0.0219504199922,0.514407753944,0.423119723797,0.698873519897,0.456269085407,0.467302203178,0.472702980042,0.487749457359,0.419167488813,-0.0110229672864,0.00139096821658,0.00900159869343,0.0156353320926,0.374726009348,0.332858162014,0.95279891112,0.500032214744,0.428122441698,0.0249890403739,0.0399714897209,0.194335869334,0.300012885898,0.799685709189,True,41.023015976
1756413961.71,2025-08-28 20:46:01.705,-0.00480235368013,0.076259508729,9.7425699234,-0.00152658321895,-0.00147276569624,-0.00150750484318,0.0593806579709,0.0383161455393,0.421767115593,0.4602227211,0.677385807037,0.501712143421,0.423030436039,0.350897848606,0.383031368256,0.342487335205,-0.0162358097732,0.00206457218155,0.0145765319467,0.0277897156775,0.374742930056,0.332866460374,0.962533051879,0.500030829929,0.428147602426,0.0249897172022,0.0399719876225,0.195503966225,0.300012331972,0.799703321698,True,39.2808914185
1756413962.25,2025-08-28 20:46:02.247,0.0397489368916,-0.0110743306577,9.76740169525,-0.00328693538904,0.000328702270053,0.00324564613402,0.0461772419512,-0.0199612174183,0.444946348667,0.618928790092,0.738063573837,0.50781929493,0.316414624453,0.374944984913,0.3523234725,0.307393163443,-0.0113682374358,0.00118325115182,0.0252309069037,0.0252470113337,0.374745842637,0.332896767429,0.960889706787,0.500029168152,0.428171729152,0.0249898337055,0.0399738060457,0.195306764814,0.300011667261,0.799720210406,True,39.2410755157
1756413962.79,2025-08-28 20:46:02.790,0.0434391759336,-0.032202411443,9.82317733765,0.00195312872529,-0.00399715779349,-0.000237195054069,0.00488144345582,-0.0046327682212,0.482254624367,0.638452529907,0.562314927578,0.621934950352,0.460033148527,0.393529057503,0.327106684446,0.413235843182,-0.0152931287885,-8.37979023345e-05,0.0242614895105,0.0229210872203,0.374713960278,0.332834259129,0.921348255546,0.500033747931,0.428107793329,0.0249885584111,0.0399700555477,0.190561790666,0.300013499173,0.79967545533,True,40.1780605316
1756413963.36,2025-08-28 20:46:03.355,0.00377975590527,-0.0167271587998,9.78875732422,-0.00111536763143,-0.00349744223058,-0.00226301606745,0.0268796421587,0.00534435827285,0.575567066669,0.478558331728,0.62598067522,0.447654336691,0.52108579874,0.333468139172,0.418884426355,0.292142689228,-0.00958035234362,0.00122442224529,0.0302429813892,0.0170005261898,0.374716300744,0.332858162014,0.944272404343,0.500032214744,0.428106357214,0.0249886520298,0.0399714897209,0.193312688521,0.300012885898,0.79967445005,True,61.1290931702
1756413963.85,2025-08-28 20:46:03.850,-0.00853293482214,-0.00813699327409,9.83808994293,0.00282097933814,-0.00683379312977,-0.00104306288995,0.0194656997919,0.000540204811841,0.410406947136,0.582892179489,0.648976862431,0.356726795435,0.40483635664,0.441041827202,0.354984223843,0.424892902374,-0.00726214004681,-0.00193117151503,0.0510027557611,0.0167500842363,0.374911651711,0.333202363562,0.997696404446,0.500010690769,0.428440340029,0.0249964660684,0.0399921418137,0.199723568533,0.300004276307,0.799908238021,True,38.2561683655
1756413964.4,2025-08-28 20:46:04.402,-0.0656485930085,0.0148071767762,9.66918754578,-0.000478990841657,-0.00135045149364,-0.00549783697352,0.0160225071013,0.0254648737609,0.34890589118,0.684913575649,0.497452229261,0.471597611904,0.34732234478,0.506906926632,0.459676027298,0.413782209158,-0.00320996157825,0.0031664383132,0.0472398884594,0.0218155868351,0.374745842637,0.332896767429,0.998892266805,0.500029168152,0.428171729152,0.0249898337055,0.0399738060457,0.199867072017,0.300011667261,0.799720210406,True,49.1428375244
1756413964.9,2025-08-28 20:46:04.896,-0.102178610861,0.0653398185968,9.75583648682,-0.000320887455018,0.00242417585105,-0.00279939174652,0.023865500465,0.00986540038139,0.418614983559,0.504924416542,0.432155013084,0.425160497427,0.501217067242,0.590925455093,0.329815030098,0.433331727982,-0.00880328938365,0.00380900269374,0.0297163147479,0.0212398506701,0.374707008224,0.332752448122,0.952746437575,0.500038418713,0.428128875492,0.024988280329,0.0399651468873,0.194329572509,0.300015367485,0.799690212844,True,40.0791168213
1756413965.45,2025-08-28 20:46:05.450,-0.0817361846566,0.0818720236421,9.85563278198,-0.00198982097208,0.000622416497208,0.00253504491411,0.0181300994009,-0.00643781479448,0.328725010157,0.504379034042,0.511890351772,0.584403693676,0.370660811663,0.515296161175,0.521062076092,0.473630458117,-0.00741574168205,-0.00101720681414,0.0164472796023,0.0237113945186,0.374920227644,0.333187570833,0.999368901506,0.500011350204,0.428437927357,0.0249968091057,0.03999125425,0.199924268181,0.300004540082,0.79990654915,True,49.8969554901
1756413965.94,2025-08-28 20:46:05.944,-0.0476874187589,0.0941270291805,9.92146587372,0.0045451503247,-0.00125570641831,0.00476455874741,-0.0284496806562,0.0288639161736,0.296588867903,0.39299851656,0.474572479725,0.560380756855,0.424692839384,0.380344957113,0.488598018885,0.340062916279,-0.000454689376056,0.00302409846336,0.00237580481917,0.0244885236025,0.374735070711,0.332855636426,0.974381513637,0.500031014571,0.428123475701,0.0249894028284,0.0399713381856,0.196925781636,0.300012405828,0.79968643299,True,39.6189689636
1756413966.49,2025-08-28 20:46:06.488,-0.0108169931918,0.10801614821,9.89562320709,0.00549735175446,-0.00360722234473,0.00568156735972,0.00677466206253,0.0291316732764,0.358968794346,0.293665826321,0.560599029064,0.433377474546,0.534450590611,0.34608155489,0.52566921711,0.340414583683,0.00781825184822,0.00328948907554,0.0127206677571,0.019986666739,0.374714844454,0.332855636426,0.918817396908,0.500032214744,0.428103944542,0.0249885937782,0.0399713381856,0.190258087629,0.300012885898,0.799672761179,True,40.5960083008
1756413967.03,2025-08-28 20:46:07.032,-0.0256525985897,0.102414339781,9.96645450592,-0.00164424348623,-0.00431090733036,0.00548674724996,0.00176464999095,0.0209211111069,0.4813118577,0.306829065084,0.648441910744,0.602975726128,0.65932238102,0.532536864281,0.597839355469,0.30919995904,0.00883969664574,0.00199154112488,0.01395736821,0.0195153988898,0.374696236298,0.332826171234,0.931090143786,0.500034338126,0.428056495315,0.0249878494519,0.0399695702741,0.191730817254,0.30001373525,0.79963954672,True,41.158914566
1756413967.57,2025-08-28 20:46:07.572,0.00796380639076,0.0598918199539,9.87678337097,-0.0032592266798,6.06474932283e-05,0.000728189246729,-0.0178243890405,0.0194814652205,0.53796339035,0.250767976046,0.557934939861,0.470191657543,0.553936421871,0.41521435976,0.632031321526,0.348035037518,0.0020000548102,0.000616145436652,-0.020507581532,0.017899196595,0.373889264882,0.331366138201,0.901124024894,0.500128012438,0.426681365113,0.0249555705953,0.0398819682921,0.188134882987,0.300051204975,0.798676955579,True,35.9041690826
1756413968.12,2025-08-28 20:46:08.119,-0.0197416972369,0.0286146551371,9.85505199432,-0.0017017374048,0.000733379332814,-0.00171142001636,-0.0322473347187,0.00386241171509,0.615428686142,0.380275845528,0.586139142513,0.569648623466,0.621919512749,0.320799291134,0.545610308647,0.387626588345,0.00219030701555,0.00159193121362,-0.0142979146913,0.0163600835949,0.373861757173,0.331318432652,0.944405748425,0.500131151351,0.426635792409,0.0249544702869,0.0398791059591,0.193328689811,0.30005246054,0.798645054686,True,44.0690517426
1756413968.66,2025-08-28 20:46:08.656,-0.0961344093084,0.0869967341423,9.87852668762,-0.000300377432723,-0.000530882214662,-0.00148970854934,-0.0115654291585,0.0125509081408,0.599458396435,0.408001363277,0.435008108616,0.560862123966,0.569848060608,0.430416673422,0.665207743645,0.468072861433,0.00382540281862,0.00335804093629,-0.0123303551227,0.0118326852098,0.373847567676,0.331315472256,0.883690170654,0.500132216593,0.426612284317,0.024953902707,0.0398789283354,0.186042820478,0.300052886637,0.798628599022,True,33.0030918121
1756413969.2,2025-08-28 20:46:09.201,-0.0443724803627,0.126828894019,9.89898872375,-0.00724551547319,0.00131528894417,0.00251833349466,-0.0157503634691,-0.00234014820307,0.46610635519,0.357149481773,0.573440313339,0.490568011999,0.490146130323,0.523187100887,0.707218647003,0.549996256828,-0.00908904522657,-0.00289919995703,0.0133385099471,0.013606948778,0.374795876617,0.333005788639,0.96562266126,0.500024242168,0.428256230136,0.0249918350647,0.0399803473183,0.195874719351,0.300009696867,0.799779361095,True,39.764881134
1756413969.74,2025-08-28 20:46:09.738,0.00557521730661,0.108479216695,9.84866714478,-0.00549971545115,0.00178445316851,0.00465996237472,-0.00577628705651,0.0115016065538,0.603668689728,0.440281748772,0.603560864925,0.467839330435,0.509644985199,0.577494978905,0.721682488918,0.626183450222,0.00216393871233,-0.000626225606538,-0.0273109525442,0.0103486990556,0.373876782392,0.331387786097,0.889173892056,0.500128170703,0.42668107789,0.0249550712957,0.0398832671658,0.186700867047,0.300051268281,0.798676754523,True,33.5018634796
1756413970.27,2025-08-28 20:46:10.274,0.0359455682337,0.0969512313604,9.88009262085,0.00146010098979,0.00527251604944,0.00241693062708,-0.00477500539273,0.0150449080393,0.625757992268,0.429886579514,0.683282017708,0.421959578991,0.494516670704,0.44372934103,0.767079472542,0.632459521294,-0.00383684597909,-0.000978014431894,-0.024088608101,0.0150390714407,0.373876782392,0.331387786097,0.889173892056,0.500128170703,0.42668107789,0.0249550712957,0.0398832671658,0.186700867047,0.300051268281,0.798676754523,True,33.4579944611
1756413970.83,2025-08-28 20:46:10.827,0.0381937399507,0.0955619812012,9.87935829163,-0.00157414609566,0.00159419351257,-0.00354654481634,0.0167948454618,-0.00433164741844,0.734813570976,0.40000602603,0.61736279726,0.402748316526,0.599037945271,0.456712543964,0.557101786137,0.639279901981,-0.00312486686744,0.00546633079648,0.0209110025316,0.0130124036223,0.374723670457,0.332804460928,0.930411176905,0.500034616558,0.428131434387,0.0249889468183,0.0399682676557,0.191649341229,0.300013846623,0.799692004071,True,49.5750904083
1756413971.32,2025-08-28 20:46:11.318,0.042636923492,0.031482860446,9.89048290253,0.00260998564772,0.000445177778602,-0.00575321074575,0.0261124446988,-0.00315771950409,0.696406364441,0.315948843956,0.622998476028,0.55858039856,0.69729590416,0.427078455687,0.631890714169,0.520555198193,-0.00371083244681,0.00343621708453,0.00633655209094,0.0115955062211,0.374767012436,0.332926531008,0.905424681261,0.500028009014,0.428203240117,0.0249906804974,0.0399755918605,0.188650961751,0.300011203606,0.799742268082,True,38.22016716
1756413971.86,2025-08-28 20:46:11.856,0.019542939961,0.0284618847072,9.86535072327,0.00255489465781,0.00459169177338,-0.00374220241793,0.0124489050359,-0.00382102443837,0.613501250744,0.367579698563,0.514307379723,0.551321148872,0.783865809441,0.397205799818,0.637562096119,0.388968676329,-0.0073376763612,0.00447755400091,-0.0144217070192,0.0150933377445,0.373975671621,0.331548461887,0.870362923334,0.500116886423,0.426842612343,0.0249590268648,0.0398929077132,0.1844435508,0.300046754569,0.79878982864,True,34.4209671021
1756413972.4,2025-08-28 20:46:12.397,-0.00994496420026,0.0473726540804,9.72896575928,0.00297761219554,0.00544750364497,-0.000858663348481,0.018200982362,-0.0321984104812,0.439476132393,0.53735268116,0.633062899113,0.56642049551,0.838913559914,0.301707416773,0.654811799526,0.274337828159,0.00557278189808,0.00549813872203,0.00907624419779,0.0148601708934,0.374767012436,0.332926531008,0.944200690499,0.50002733639,0.428203240117,0.0249906804974,0.0399755918605,0.19330408286,0.300010934556,0.799742268082,True,37.5080108643
1756413972.94,2025-08-28 20:46:12.935,0.00185087462887,-0.0118589140475,9.79483699799,0.00486027635634,0.00534670241177,0.00450225081295,-0.00642920192331,-0.0360159426928,0.310019016266,0.418683409691,0.64925378561,0.518623590469,0.781903326511,0.255450516939,0.726451277733,0.366779386997,0.00618592463434,0.00496936962008,-0.00235906150192,0.0150837404653,0.373975671621,0.331548461887,0.926985887131,0.500116886423,0.426842612343,0.0249590268648,0.0398929077132,0.191238306456,0.300046754569,0.79878982864,True,33.084154129
1756413973.47,2025-08-28 20:46:13.472,-0.0371455959976,-0.0478552021086,9.72140884399,0.00528299994767,-0.00299202697352,0.00387612637132,-0.0108773577958,-0.025942273438,0.349621862173,0.40955594182,0.727187991142,0.502114117146,0.586464047432,0.254536598921,0.547710180283,0.469001829624,0.00454921741039,-0.00233561173081,-0.00905898492783,0.0139319840819,0.373847194268,0.33131482467,0.926985887131,0.500132971393,0.426611378461,0.0249538877707,0.0398788894802,0.191238306456,0.300053188557,0.798627964922,True,33.234834671
1756413974.01,2025-08-28 20:46:14.005,-0.00342594459653,-0.0579521805048,9.72056293488,0.00184844236355,-0.00339711015113,0.00374814821407,0.00623338250443,-0.0347133278847,0.249111682177,0.585482776165,0.78043794632,0.562747597694,0.659059405327,0.389507591724,0.653159320354,0.386906683445,-0.00115844467655,0.00447149574757,-0.0295015033334,0.0187682807446,0.373975671621,0.331526813991,0.944405748425,0.500117440348,0.426842612343,0.0249590268648,0.0398916088395,0.193328689811,0.300046976139,0.79878982864,True,30.2321910858
1756413974.54,2025-08-28 20:46:14.542,-0.0267625246197,-0.0178229622543,9.65606212616,0.00845888722688,-0.00410911021754,0.00219226162881,-0.00184286478907,0.0022562853992,0.196376532316,0.588739931583,0.552555680275,0.651342630386,0.587192416191,0.538383126259,0.698462605476,0.476436078548,-0.00837413500994,-0.00352317583747,-0.0312253572047,0.0184930320829,0.373832631363,0.331267920895,0.899553309853,0.500135187096,0.426587251735,0.0249533052545,0.0398760752537,0.187946397182,0.300054074839,0.798611076215,True,34.0640544891
1756413975.08,2025-08-28 20:46:15.081,-0.0370223484933,-0.0767887756228,9.58186531067,0.000606193207204,-0.00555711658671,0.00107989786193,-0.0284669976681,0.0205850973725,0.235469058156,0.539355516434,0.419741183519,0.711759209633,0.69916498661,0.517673075199,0.579762339592,0.534010648727,-0.00964549556375,0.000465877819806,-0.0114189088345,0.0176388490945,0.373869038626,0.331331060592,0.889366992867,0.500130735907,0.426659919135,0.024954761545,0.0398798636355,0.186724039144,0.300052294363,0.798661943394,True,35.3209972382
1756413975.62,2025-08-28 20:46:15.618,-0.00537157990038,-0.0454409494996,9.66628074646,0.000206063923542,-0.00395169947296,0.00358571484685,-0.0148299373686,-0.0058906301856,0.279279708862,0.505149900913,0.459367036819,0.776074886322,0.547472596169,0.643860816956,0.453763306141,0.401210278273,-0.00376517744735,-0.0015136388829,-0.0177464261651,0.0182558819652,0.373856556136,0.331331060592,0.899567302798,0.500131448097,0.426641536867,0.0249542622454,0.0398798636355,0.187948076336,0.300052579239,0.798649075807,True,32.9430103302
1756413976.16,2025-08-28 20:46:16.161,0.0466761998832,-0.0484040863812,9.78866004944,-0.00249500991777,0.00228062318638,-0.00166840595193,-0.00787665508687,-0.0112757878378,0.397487282753,0.447660386562,0.502514243126,0.649129927158,0.664773583412,0.497817069292,0.431346833706,0.479293853045,-0.00419828947634,0.00386200845242,0.0006288504228,0.0228111576289,0.374710841231,0.332850763372,0.91520604149,0.500033754016,0.42811155856,0.0249884336492,0.0399710458023,0.189824724979,0.300013501606,0.799678090992,True,38.4039878845
1756413976.7,2025-08-28 20:46:16.704,-0.00135226547718,-0.0223730076104,9.77529907227,0.00658110855147,0.00869934540242,-0.00307874055579,-0.0257738009095,-0.00946594588459,0.515118718147,0.543239891529,0.535439074039,0.588498413563,0.583499670029,0.468310415745,0.37640619278,0.436443984509,-0.000499685527757,0.00258142570965,0.00121115811635,0.018336802721,0.374704904693,0.332841204496,0.958296128656,0.500032399386,0.428103944542,0.0249881961877,0.0399704722697,0.194995535439,0.300012959754,0.799672761179,True,39.6249294281
1756413977.24,2025-08-28 20:46:17.242,-0.0622577518225,-0.0328384712338,9.8328704834,0.00533656356856,0.00525958277285,-0.00492069032043,0.0027752481401,-0.00602951459587,0.489127635956,0.557720541954,0.649430215359,0.669383466244,0.577381968498,0.509001255035,0.370158016682,0.534214138985,-0.00146990770008,-0.00166856683791,-0.0082751493901,0.0153201445937,0.373856556136,0.331352708488,0.883028001342,0.500130894171,0.426641536867,0.0249542622454,0.0398811625093,0.185963360161,0.300052357668,0.798649075807,True,34.8770618439
1756413977.79,2025-08-28 20:46:17.787,-0.0385528542101,0.0261355116963,9.77734661102,0.00330753065646,0.0107909319922,-0.000491593964398,0.0274371970445,-0.00583344139159,0.488307595253,0.562034904957,0.480593234301,0.524035573006,0.576401591301,0.61037760973,0.469860285521,0.486897140741,-0.00341046578251,-0.0024996472057,0.0178248509765,0.011779429391,0.374786168014,0.333005788639,0.93067354463,0.500024519131,0.428236124531,0.0249914467206,0.0399803473183,0.191680825356,0.300009807653,0.799765287172,True,42.0479774475
1756413978.33,2025-08-28 20:46:18.331,-0.0177001729608,0.0634670928121,9.76561355591,-0.000790689140558,0.00667506083846,-0.00167808437254,0.0496235303581,-0.0171088539064,0.565849065781,0.561180949211,0.570118963718,0.562691509724,0.674578547478,0.621124267578,0.538531064987,0.561899185181,0.00387055124156,0.00169468880631,0.0296365842223,0.0162139907479,0.374712255493,0.332853952701,0.905160564418,0.500032676349,0.428102336093,0.0249884902197,0.0399712371621,0.18861926773,0.300013070539,0.799671635265,True,40.4860973358
1756413978.87,2025-08-28 20:46:18.874,0.023635994643,0.0427697300911,9.85643768311,0.000660486111883,0.0054713441059,-0.00174638512544,0.0314285159111,-0.0165938455611,0.399833023548,0.54827272892,0.459184348583,0.469378620386,0.605679035187,0.711975812912,0.520393133163,0.615098237991,-0.00149921141565,0.00257558654994,0.0122289275751,0.014547413215,0.374716300744,0.332858162014,0.930411176905,0.500032214744,0.428106357214,0.0249886520298,0.0399714897209,0.191649341229,0.300012885898,0.79967445005,True,40.3709411621
1756413979.41,2025-08-28 20:46:19.409,0.0238401703537,0.0846803188324,9.92434597015,-0.00312185892835,0.00695822387934,-0.00220170849934,0.023324849084,-0.00761082349345,0.463549047709,0.393759578466,0.501696944237,0.554632902145,0.681887984276,0.696772098541,0.660111665726,0.495731770992,0.00365993287414,0.00696719810367,-0.0201621446759,0.0143238827586,0.373975671621,0.331548461887,0.870362923334,0.500116886423,0.426842612343,0.0249590268648,0.0398929077132,0.1844435508,0.300046754569,0.79878982864,True,32.1409702301
1756413979.95,2025-08-28 20:46:19.951,0.0158994402736,0.0687210187316,9.95199871063,-0.00888502504677,4.81624156237e-05,0.000580038642511,0.00382745359093,0.0142137538642,0.560839831829,0.403699249029,0.419467896223,0.451509833336,0.64445412159,0.673766791821,0.682644486427,0.598958730698,0.00972788315266,0.0071455934085,0.00607022643089,0.0115992380306,0.374723670457,0.332804460928,0.940120823289,0.500034616558,0.428131434387,0.0249889468183,0.0399682676557,0.192814498795,0.300013846623,0.799692004071,True,38.8550758362
1756413980.49,2025-08-28 20:46:20.492,-0.0402010381222,-0.00932190939784,9.99210739136,-0.00363669032231,-0.00315215601586,-0.000389177148463,0.0126108163968,-0.00624392833561,0.455564618111,0.483656227589,0.522184610367,0.498233884573,0.609926581383,0.478032499552,0.566754162312,0.450042814016,0.00287517439574,0.00344228232279,0.00547539116815,0.0148482369259,0.374723670457,0.332804460928,0.930217024788,0.500034616558,0.428131434387,0.0249889468183,0.0399682676557,0.191626042975,0.300013846623,0.799692004071,True,37.369966507
1756413981.03,2025-08-28 20:46:21.029,0.0266174059361,0.0154240373522,9.91592025757,-0.00321709318087,-6.73122704029e-05,-0.00147141714115,-0.00116437673569,-0.00407663080841,0.362958431244,0.538214325905,0.505413711071,0.562759578228,0.568435013294,0.485557198524,0.396732777357,0.580270886421,0.00973890349269,0.00356674939394,-0.00882434472442,0.0176656078547,0.373912661052,0.331442793095,0.900484344244,0.500122968726,0.426786474623,0.0249565064421,0.0398865675857,0.188058121309,0.30004918749,0.798750532236,True,32.860994339
1756413981.57,2025-08-28 20:46:21.573,-0.0312954746187,0.0284880641848,9.87610244751,-0.00496326480061,-0.00137694913428,0.00133347418159,0.0192173309624,-0.0100121740252,0.471123099327,0.479983091354,0.405614703894,0.444833517075,0.475829601288,0.563624680042,0.367202043533,0.578158736229,0.0111791472882,-0.00070239813067,0.00819650292397,0.0187201052904,0.37490970999,0.333194786798,0.952814653184,0.500010413806,0.428434480682,0.0249963883996,0.0399916872079,0.194337758382,0.300004165522,0.799904136477,True,41.0311222076
1756413982.12,2025-08-28 20:46:22.116,-0.0497606545687,0.0212770476937,9.92273807526,-0.0049297567457,0.000305408611894,0.0031907511875,0.0411502420902,-0.0218163728714,0.610240340233,0.463351160288,0.509194374084,0.368781536818,0.55617839098,0.474524885416,0.498014688492,0.500925421715,0.00799267645925,-0.00216631335206,0.0143645461649,0.0160183589906,0.374882733942,0.333164840542,0.921501186556,0.500013499964,0.428376002095,0.0249953093577,0.0399898904325,0.190580142387,0.300005399986,0.799863201466,True,39.4880771637
1756413982.66,2025-08-28 20:46:22.657,-0.0925005972385,0.0133220199496,9.88474178314,-0.00363032077439,0.00190805527382,0.00380626833066,0.0219436623156,0.00501208007336,0.670995652676,0.58415210247,0.625714838505,0.488395214081,0.632221639156,0.588396072388,0.370664834976,0.581693172455,-0.00337791396305,-0.00594556378201,0.0147575009614,0.0178823322058,0.374785410974,0.332978017194,0.916629455222,0.500024763782,0.428239006334,0.024991416439,0.0399786810317,0.189995534627,0.300009905513,0.799767304434,True,37.9598140717
1756413983.2,2025-08-28 20:46:23.202,-0.0496584028006,0.00951012969017,9.88819885254,-0.00670701265335,-0.00119052676018,0.00271015032195,0.00348951574415,-0.0115259131417,0.477623015642,0.650476157665,0.519131302834,0.369080990553,0.579225897789,0.603556096554,0.396159887314,0.629350960255,-0.00660655926913,-0.00278756627813,0.0432995632291,0.017484234646,0.374802187209,0.333033570106,0.926533253722,0.500022580391,0.428261859705,0.0249920874884,0.0399820142063,0.191183990447,0.300009032156,0.799783301793,True,39.7748947144
1756413983.75,2025-08-28 20:46:23.747,-0.0541269779205,0.00888455379754,9.83097457886,-0.00245863804594,-0.00152768241242,0.000733787426725,0.0104140629992,-0.00703059416264,0.33604323864,0.576457023621,0.368911147118,0.477877318859,0.583321452141,0.425392836332,0.408926695585,0.710858941078,-0.0137220649049,-0.00432802783325,0.0492488071322,0.0142817534506,0.374784024031,0.332975611873,0.93067354463,0.500025871634,0.428222921851,0.0249913609612,0.0399785367124,0.191680825356,0.300010348653,0.799756045295,True,42.2668457031
1756413984.29,2025-08-28 20:46:24.292,-0.0628142133355,0.0127319600433,9.72843742371,0.00436491984874,-0.00266068708152,0.00465928763151,0.00231255451217,0.024430859834,0.336944937706,0.689277768135,0.272590339184,0.364024579525,0.599019646645,0.469478189945,0.384902834892,0.529402911663,-0.0129811801016,-0.00391425704584,0.0390016958117,0.0253823436797,0.374813889544,0.333053865008,0.926533253722,0.500021624869,0.428310113156,0.0249925555817,0.0399832319005,0.191183990447,0.300008649948,0.799817079209,True,41.2180423737
1756413984.83,2025-08-28 20:46:24.833,-0.0557862445712,0.0301294922829,9.58752536774,0.0076702311635,-0.00143143592868,0.00486040627584,-0.00201541697606,0.0117394756526,0.311854243279,0.743646919727,0.393424540758,0.502591431141,0.640988647938,0.625377178192,0.309161394835,0.660380125046,-0.00669251102954,0.00366944260895,0.017460167408,0.0289128106087,0.374732338853,0.332815284876,0.926270885997,0.50003295478,0.428155561112,0.0249892935541,0.0399689170925,0.19115250632,0.300013181912,0.799708892779,True,37.8370285034
1756413985.38,2025-08-28 20:46:25.376,-0.0275728758425,0.0178433433175,9.64103984833,0.00647487817332,-0.00241032103077,0.00567854801193,-0.00996899511665,0.0105606848374,0.460786998272,0.759898900986,0.508479714394,0.52030390501,0.504537820816,0.664381146431,0.368827104568,0.557627081871,-0.00475346855819,0.00358214811422,0.0247410163283,0.0273638255894,0.374721571129,0.332777704,0.948658620212,0.500036756936,0.428153002217,0.0249888628452,0.03996666224,0.193839034425,0.300014702774,0.799707101552,True,39.3159389496
1756413985.91,2025-08-28 20:46:25.914,-0.00456161331385,0.0237257108092,9.7210817337,-0.00206663040444,-0.00251375813968,0.00669318903238,0.00253311172128,-0.0167353861034,0.589967131615,0.602961719036,0.54927611351,0.574600100517,0.41614151001,0.722167015076,0.46432197094,0.627030193806,0.00142938503996,0.00491629866883,-0.0011925380677,0.0210373848677,0.373910840689,0.33143963611,0.905072013618,0.500123176448,0.426783458782,0.0249564336276,0.0398863781666,0.188608641634,0.300049270579,0.798748421148,True,33.38098526
1756413986.46,2025-08-28 20:46:26.455,-0.00913235358894,-0.0215374361724,9.6507101059,0.00369943375699,-5.39663014933e-05,-0.00177882518619,0.00696887401864,0.000258045271039,0.666916966438,0.708878874779,0.416287153959,0.408537000418,0.41517329216,0.718006074429,0.582468032837,0.720809221268,-0.000722643104382,0.00283907027915,-0.027330134064,0.019626237452,0.373855658179,0.331307855404,0.905072013618,0.500131847309,0.426643783098,0.0249542263272,0.0398784713242,0.188608641634,0.300052738924,0.798650648169,True,35.7019901276
1756413987.0,2025-08-28 20:46:26.995,0.00286279805005,0.0629482492805,9.77952766418,0.00224405899644,-0.0033628817182,-7.3368428275e-05,0.00836992077529,-0.00939284730703,0.575114011765,0.631914138794,0.450269252062,0.340318590403,0.440869927406,0.683670282364,0.559332251549,0.739182174206,0.00927539169788,-0.0014559160918,-0.04218441993,0.0151356356218,0.373876782392,0.331387786097,0.887612172479,0.500128170703,0.42668107789,0.0249550712957,0.0398832671658,0.186513460698,0.300051268281,0.798676754523,True,37.0481014252
1756413987.53,2025-08-28 20:46:27.531,0.0815683528781,-0.013903003186,9.77830600739,0.00404118001461,-0.0064427703619,-0.00152571219951,0.000915452372283,-0.0164075568318,0.611674189568,0.470457077026,0.589478731155,0.41207242012,0.378486394882,0.736527681351,0.432501584291,0.672854244709,0.0164409726858,0.00454611703753,-0.0117444992065,0.0197006948292,0.373896277784,0.331414380231,0.906744510679,0.500124838226,0.426759332057,0.0249558511114,0.0398848628139,0.188809341281,0.30004993529,0.79873153244,True,32.821893692
